<?xml version="1.0"?>
<!--<!DOCTYPE metadata SYSTEM "http://www.esri.com/metadata/esriprof80.dtd">-->
<metadata xml:lang="pt"><Esri><MetaID>{BEA7F43F-322D-4DB1-A16F-F1112D462800}</MetaID><CreaDate>20110909</CreaDate><CreaTime>12562500</CreaTime><SyncOnce>TRUE</SyncOnce><DataProperties><lineage><Process ToolSource="C:\Arquivos de programas\ArcGIS\ArcToolbox\Toolboxes\Data Management Tools.tbx\DefineProjection" Date="20110909" Time="125625">DefineProjection C:\Projetos\BR5000\shp\Biomas5000.shp GEOGCS['GCS_SIRGAS_2000',DATUM['D_SIRGAS_2000',SPHEROID['GRS_1980',6378137.0,298.257222101]],PRIMEM['Greenwich',0.0],UNIT['Degree',0.0174532925199433]] C:\Projetos\BR5000\shp\Biomas5000.shp</Process></lineage></DataProperties></Esri></metadata>
